日期,中证1000,中证500,创业板指,沪深300
2023-01-03,0.0,0.0,0.0,0.0
2023-01-04,-0.000377445943820498,-0.0005780993287508585,-0.009039884547088373,0.0
2023-01-05,0.0,0.0,0.0,0.0
2023-01-06,0.0,0.0,0.0,0.0
2023-01-09,0.0,0.0,0.0,0.0
2023-01-10,0.0,0.0,0.0,0.0
2023-01-11,-0.008148969982695209,-0.005644613868816761,-0.011331382811968216,-0.0018526070251561055
2023-01-12,-0.007741444268805853,-0.0054576852114798236,-0.006269752383705529,0.0
2023-01-13,-0.003468945479472074,0.0,0.0,0.0
2023-01-16,0.0,0.0,0.0,0.0
2023-01-17,0.0,0.0,0.0,-0.00017450609711644471
2023-01-18,0.0,0.0,-0.0006514493422024037,-0.0018487351377100003
2023-01-19,0.0,0.0,0.0,0.0
2023-01-20,0.0,0.0,0.0,0.0
2023-01-30,0.0,0.0,0.0,0.0
2023-01-31,0.0,0.0,-0.01264244456327146,-0.010588799539195337
2023-02-01,0.0,0.0,-7.506067691642748e-05,-0.0012881113072122918
2023-02-02,0.0,0.0,-0.004425901932269216,-0.004806960628084611
2023-02-03,-0.0011754557478201866,-0.004152969233287451,-0.012921148452841313,-0.014212853264847336
2023-02-06,-0.006030771506544297,-0.010644379604087595,-0.026701209880938603,-0.027245346430726403
2023-02-07,-0.0012843083991914694,-0.008304902382774593,-0.029043432012873738,-0.025494573761497885
2023-02-08,-0.008005076194187666,-0.015991042961356117,-0.03366968703638218,-0.029800908994619735
2023-02-09,0.0,-0.0024456444143756695,-0.0168913685692329,-0.016777603362732707
2023-02-10,-0.0033986256765629053,-0.005633956836529008,-0.026294114741760133,-0.022620208528459473
2023-02-13,0.0,0.0,-0.0155724889688158,-0.013750596535157311
2023-02-14,0.0,0.0,-0.018642937392853498,-0.013342108301032107
2023-02-15,0.0,-0.0020112972292660736,-0.025512940449223143,-0.018483533249471384
2023-02-16,-0.019593593344859772,-0.01684107955359193,-0.038787585667971025,-0.025672112145039394
2023-02-17,-0.02761438465526833,-0.024981075357390692,-0.06294637335463804,-0.03971061648115071
2023-02-20,-0.01475788962598823,-0.007995167146651716,-0.05091696257674361,-0.016150875493443295
2023-02-21,-0.010353028244162288,-0.002155594405102601,-0.055120398741291265,-0.0135650369107988
2023-02-22,-0.009226875206834961,-0.0034618504122091442,-0.06197196181485087,-0.02246766214152851
2023-02-23,-0.013706627528199178,-0.0057672600196967405,-0.059835372271308085,-0.023254148373913597
2023-02-24,-0.016815889813088125,-0.008811819444043745,-0.07075666250542822,-0.03339390123876995
2023-02-27,-0.02396919204766379,-0.014070014158974686,-0.07807951634297028,-0.03748813772732307
2023-02-28,-0.015294046461942545,-0.006202605740317058,-0.07072150411496636,-0.031391447262721806
2023-03-01,-0.00861227400491038,0.0,-0.06501421466351254,-0.017709447807785494
2023-03-02,-0.012925213483064635,-0.003109725276126629,-0.07471157973152065,-0.019900127221163855
2023-03-03,-0.013543339797266185,-0.0018467884127078005,-0.07324296134952824,-0.01685024676621416
2023-03-06,-0.009423007357376556,-0.0010812007876551677,-0.06975428493361957,-0.021977438177536168
2023-03-07,-0.029483713471625705,-0.018406732710092855,-0.08805061186120144,-0.03629625750801235
2023-03-08,-0.024371295517552127,-0.015717460522699178,-0.09040224527067053,-0.039805657473975686
2023-03-09,-0.02417296902001087,-0.01814845973950796,-0.09227849439300184,-0.04319914217946874
2023-03-10,-0.03755958997026554,-0.030808786766664653,-0.09316659763150281,-0.0557463859787759
2023-03-13,-0.032700555387809915,-0.02454463241992577,-0.09825105944778834,-0.04585650547622255
2023-03-14,-0.04158722186722563,-0.03323016420241032,-0.10359115604651814,-0.0515666768618146
2023-03-15,-0.0368269470568342,-0.02772527147207038,-0.10575131204112131,-0.05104151170637028
2023-03-16,-0.05292229825768291,-0.040815938905189086,-0.11929976422454347,-0.062407276717336924
2023-03-17,-0.04632728037106493,-0.034200558310094054,-0.12250529891269513,-0.05772570450653314
2023-03-20,-0.048438482855099774,-0.03776658405732425,-0.1231757567939189,-0.06242477111496436
2023-03-21,-0.035989202000655474,-0.02615715545538355,-0.10583027495506403,-0.052118262127961446
2023-03-22,-0.03160972425863906,-0.02068100311003762,-0.1040454223450431,-0.04805658664070678
2023-03-23,-0.02757378215723505,-0.015054744732195924,-0.09659058107867236,-0.03861989434335911
2023-03-24,-0.02769870420836673,-0.014376940239570812,-0.09315852535686997,-0.041486547760300585
2023-03-27,-0.02504609261265589,-0.014142346847057174,-0.08258579670653488,-0.04495415158717031
2023-03-28,-0.033725230494208835,-0.019090394618137996,-0.09362036658609307,-0.04803944927160231
2023-03-29,-0.03642951542249362,-0.022116054268157215,-0.09284829751328405,-0.04646154981321471
2023-03-30,-0.03623648367190646,-0.01811328400743928,-0.08831596397898567,-0.03875408946420733
2023-03-31,-0.02658649589229578,-0.00973468079296158,-0.08201691175967052,-0.03580265367400215
2023-04-03,-0.014355276501312741,0.0,-0.06644442279085472,-0.026367127669829626
2023-04-04,-0.015607087757797511,-0.0007652085213100124,-0.07354205634042177,-0.02338294046311362
2023-04-06,-0.011407532312679769,0.0,-0.07166267012557892,-0.02492178100108411
2023-04-07,-0.0029325536445640177,0.0,-0.063866574405541,-0.01858097823435112
2023-04-10,-0.013453796282600572,-0.008344787746131677,-0.06517654007235896,-0.022976737211535814
2023-04-11,-0.011249624271165382,-0.006742923128195022,-0.06675484192056935,-0.024086834097176046
2023-04-12,-0.006029286915938403,-0.003252751070065174,-0.07061973989447812,-0.02476763988675068
2023-04-13,-0.013702153891735347,-0.00925367946842448,-0.0796227745723962,-0.031505720191986164
2023-04-14,-0.006159815169727523,-0.005166335151807755,-0.07107997432021973,-0.026026474855076254
2023-04-17,-0.007196297278692643,-0.0008085431459586845,-0.068650143141323,-0.012367801263643008
2023-04-18,-0.009419170789396358,-0.002260557808762109,-0.069928737883028,-0.009357241550027484
2023-04-19,-0.013878055578647297,-0.007347365901692937,-0.07579709025487835,-0.018276551913732453
2023-04-20,-0.014115483924015626,-0.008153805239052736,-0.08692477822190592,-0.021023219945041527
2023-04-21,-0.041068648121423856,-0.03309195017240707,-0.10432531220861141,-0.04017232576710561
2023-04-24,-0.04789823462377174,-0.039552638095543435,-0.119610030325355,-0.05205525849460124
2023-04-25,-0.0651743568666242,-0.05357190811603563,-0.13569539566254107,-0.05681018816593253
2023-04-26,-0.06217850692892668,-0.0498590726683954,-0.12235747299240707,-0.05762742645509955
2023-04-27,-0.06089131713597573,-0.04741774201193161,-0.11730227795381842,-0.0506805558696084
2023-04-28,-0.04817657692287658,-0.03453066133965832,-0.11062845795108145,-0.04100096516710727
2023-05-04,-0.04666673877338101,-0.031259703043703624,-0.12097523942615229,-0.040724553684593934
2023-05-05,-0.05803716538614967,-0.04082169875614183,-0.13246694489616662,-0.043906796513973556
2023-05-08,-0.05112190025127117,-0.033395424562806975,-0.1302600385717,-0.033009095896671226
2023-05-09,-0.06398547381926012,-0.043698997337197176,-0.1408103102305216,-0.04128906338327376
2023-05-10,-0.06176639440530429,-0.04496227252414842,-0.1345383823842614,-0.04866905717097747
2023-05-11,-0.06244456088483319,-0.047953857413505996,-0.12904701671492624,-0.050146155576369034
2023-05-12,-0.07470136211470946,-0.05767220013704466,-0.13830189870993947,-0.06273771851633225
2023-05-15,-0.06762759434106502,-0.0471930057521841,-0.12011047309535727,-0.048188806203727674
2023-05-16,-0.07748397815234509,-0.05470510296101161,-0.12230582573764814,-0.05311146787516863
2023-05-17,-0.07200637838628798,-0.052968733815369484,-0.12251528404861523,-0.05740542611949273
2023-05-18,-0.06793508606257248,-0.05202133930187969,-0.12851038260936698,-0.05838009018540502
2023-05-19,-0.06530481433502622,-0.053737320067128835,-0.12827659270282432,-0.06112440182846213
2023-05-22,-0.0662013820478744,-0.05401084612335527,-0.1276775993192968,-0.055224529287644875
2023-05-23,-0.07576181215574229,-0.06373870239313184,-0.13793822552198454,-0.06858679779927623
2023-05-24,-0.0779238243906284,-0.07095328084619645,-0.14102711392883216,-0.08146236502834214
2023-05-25,-0.07964838293331467,-0.07367628981720753,-0.14143734616052206,-0.08350787664426518
2023-05-26,-0.07321990890543595,-0.06643750209607402,-0.1471440234963638,-0.08340041105883944
2023-05-29,-0.0749600543903588,-0.06795784413080097,-0.1568711909432292,-0.08744899550025054
2023-05-30,-0.07066309825260886,-0.06236516288490579,-0.15122396533619897,-0.08654178602328544
2023-05-31,-0.07106231367870419,-0.0644545542072893,-0.1608628733632651,-0.09587444020902836
2023-06-01,-0.06920647655712564,-0.06388866063253118,-0.15588250945823823,-0.09389305091583766
2023-06-02,-0.06191249544425248,-0.05557276931627342,-0.14561101820343825,-0.08081014532250985
2023-06-05,-0.0609673406417075,-0.056827660207190545,-0.1575239739861577,-0.08499559069774087
2023-06-06,-0.08123239001140037,-0.07441390676885573,-0.17180352175361335,-0.0935848162909736
2023-06-07,-0.08140990560513806,-0.07385843942200698,-0.18516019046436338,-0.09806459598057293
2023-06-08,-0.08793284981062366,-0.0770858210354376,-0.18743144544253731,-0.09072292325433884
2023-06-09,-0.08041798997588312,-0.07036679779169408,-0.18014413256771444,-0.08679182499889915
2023-06-12,-0.07552010837299394,-0.06756229717583506,-0.17654294165088258,-0.08495198561413075
2023-06-13,-0.07200970529948114,-0.06503696886722166,-0.17098034102720572,-0.08007854627506195
2023-06-14,-0.06873006258787295,-0.06503085854077606,-0.17236605600100352,-0.08028864565990179
2023-06-15,-0.0636572844505684,-0.05687382024292065,-0.1439029095882669,-0.06565649809763308
2023-06-16,-0.05586378501809719,-0.04895282617603214,-0.13153629962263458,-0.05664712133852379
2023-06-19,-0.052424478787374995,-0.05152497969515324,-0.1334032139818836,-0.06436917225317129
2023-06-20,-0.05233731366171557,-0.0523404530341437,-0.13101810549988557,-0.06595680668928638
2023-06-21,-0.07293700802740266,-0.07326527368136682,-0.15381279354530208,-0.08028683671538528
2023-06-26,-0.09097793806357912,-0.08932430989199669,-0.16360033089439685,-0.09321986173475405
2023-06-27,-0.07876035193814923,-0.07989267296678959,-0.1614675288162033,-0.08471372857977633
2023-06-28,-0.0832577439779757,-0.08077313233463479,-0.16519095156929797,-0.08581689911207013
2023-06-29,-0.07695298864964806,-0.08104121323919333,-0.16596856793984038,-0.090328573349725
2023-06-30,-0.06534448246595004,-0.07204571439956753,-0.15260199060762147,-0.0854234536797146
2023-07-03,-0.06380883596432241,-0.06530379676812925,-0.14754832585806266,-0.07342003572665434
2023-07-04,-0.06018990473532715,-0.06330123395799536,-0.145811753866935,-0.07196069353980694
2023-07-05,-0.06783811008226281,-0.06862827842991026,-0.15359132246545015,-0.07915074815326995
2023-07-06,-0.0702935560607807,-0.07361998199882369,-0.16133018537576982,-0.08535131011616526
2023-07-07,-0.07675660167171305,-0.0777884312307664,-0.17012104547969265,-0.08941093863988792
2023-07-10,-0.07598852359350572,-0.07428068618316286,-0.15877532958313056,-0.08497709662024899
2023-07-11,-0.06855356630370946,-0.06732722750326314,-0.15192193016273514,-0.07898872860952866
2023-07-12,-0.08219855391683295,-0.07760464189279415,-0.15954556230910355,-0.08518893354390089
2023-07-13,-0.07295027320894287,-0.06503368940087628,-0.14398883531729567,-0.07210121996646313
2023-07-14,-0.0734958303443023,-0.06712813914540583,-0.1491224194114409,-0.07193941463983566
2023-07-17,-0.07744555584423407,-0.06988618581109796,-0.15549297438567788,-0.07953883815778051
2023-07-18,-0.07836943255942064,-0.07157073320080998,-0.15810433610074626,-0.08245114362186401
2023-07-19,-0.08087316832900959,-0.07286816433913257,-0.16704585315966236,-0.08342059507134025
2023-07-20,-0.09270691361441974,-0.08337611593123917,-0.17530910786330223,-0.08988797635043078
2023-07-21,-0.09374646780918439,-0.08335427344784407,-0.17245129309996876,-0.09031274508520493
2023-07-24,-0.09482566182071794,-0.08473279403231182,-0.17864444931841494,-0.09428504443219976
2023-07-25,-0.08003505518881804,-0.06927643710856013,-0.16105836778683447,-0.06812811135481622
2023-07-26,-0.08584162296282494,-0.07161089119436059,-0.16171941439052429,-0.07005666042660152
2023-07-27,-0.09287873806303548,-0.07785361835897242,-0.16442527145318875,-0.07116749517118925
2023-07-28,-0.0846916718783588,-0.06515968587910059,-0.1508664898188149,-0.04965252794045727
2023-07-31,-0.07754626929298192,-0.05819866276975316,-0.1443108846436375,-0.04444169664714526
2023-08-01,-0.07874058865807443,-0.05655339163028217,-0.1492374206320377,-0.04839973865512115
2023-08-02,-0.08035310809007878,-0.05986602389951323,-0.1512384265675315,-0.05508950110024291
2023-08-03,-0.07985441088097123,-0.05658310792674237,-0.1422794259564487,-0.04673767567290954
2023-08-04,-0.07478940497916875,-0.05196258735291759,-0.13409620536907263,-0.04302569772299114
2023-08-07,-0.07922616225641621,-0.05781385142631423,-0.14274168801515508,-0.050267688085601225
2023-08-08,-0.08384676334100682,-0.06162372504558156,-0.14728121390789417,-0.05274806044254887
2023-08-09,-0.09097734346632746,-0.06848450786286087,-0.14734935002695015,-0.05564403780218008
2023-08-10,-0.09015093822916032,-0.06694379291692198,-0.1433034953752561,-0.05370384960054464
2023-08-11,-0.10744788553289386,-0.08525316180775577,-0.16330062378789145,-0.07547373519670497
2023-08-14,-0.10535661621386294,-0.0847190573996951,-0.17184858876554376,-0.08222102683783405
2023-08-15,-0.11352156904361355,-0.09044647521100901,-0.17797701375802522,-0.08445136021916799
2023-08-16,-0.12418615209050199,-0.09764934349415133,-0.18398504326107945,-0.09116394868786071
2023-08-17,-0.115522275538405,-0.09128448714653392,-0.1785939497804283,-0.08812515991902592
2023-08-18,-0.13399636967232376,-0.10622210055883352,-0.1893582706173067,-0.09933514148445322
2023-08-21,-0.142481640535722,-0.11658937542006564,-0.20234858813429946,-0.11229499124685083
2023-08-22,-0.13653227032180504,-0.11190495166004732,-0.20159438518591455,-0.1054704862371455
2023-08-23,-0.15430275770807567,-0.1291624781281252,-0.21994450177289726,-0.12013083905273203
2023-08-24,-0.15227897517709377,-0.1255778048440318,-0.21015149364052044,-0.11375302432911372
2023-08-25,-0.16770162453029658,-0.13663228259644145,-0.2194000249360597,-0.11715136462251974
2023-08-28,-0.1615949833433491,-0.12689769723298427,-0.21188446945242778,-0.1068052254694628
2023-08-29,-0.135178273280521,-0.1073794582643357,-0.18963770139416591,-0.09788253523574009
2023-08-30,-0.13080832325160652,-0.10663107476279865,-0.19004651810850304,-0.09826265160323666
2023-08-31,-0.1358101885881272,-0.11216208038454656,-0.19561313574088357,-0.10379466575584728
2023-09-01,-0.13539902458869157,-0.11039792859005348,-0.1964997086903546,-0.09755299790900307
2023-09-04,-0.1224364222641674,-0.09818016843586663,-0.1896990659842649,-0.0838763062781086
2023-09-05,-0.1268421330706384,-0.10453322179847668,-0.19226486334346793,-0.09069181416903405
2023-09-06,-0.12291486069549074,-0.10427555165264679,-0.19606349980238225,-0.09266477758908165
2023-09-07,-0.1387557101156055,-0.11783889850521934,-0.21305651782042612,-0.10541152892704608
2023-09-08,-0.13606600697706084,-0.11692282908300067,-0.21581677665810362,-0.10981062017044552
2023-09-11,-0.12471840157308922,-0.10669649392871783,-0.21068116493099365,-0.10325455300623976
2023-09-12,-0.12444054061461651,-0.1072850343842765,-0.21532945611653276,-0.10490454842437369
2023-09-13,-0.13597417001585366,-0.11587485395546349,-0.22424702415213094,-0.11060593690829967
2023-09-14,-0.14084758818896548,-0.11793152796029693,-0.23030934065852082,-0.11135417348491972
2023-09-15,-0.1393823165191802,-0.11753533129973426,-0.23381186619014993,-0.11724064555517344
2023-09-18,-0.13868777030107915,-0.1152110095274067,-0.22702545517203832,-0.11273389831113623
2023-09-19,-0.14618077160828713,-0.12012835274385525,-0.233836083014048,-0.11444975359081444
2023-09-20,-0.15304466070921752,-0.12583562968167028,-0.23971568301026824,-0.11797536265172226
2023-09-21,-0.1591171974966663,-0.13188216122524832,-0.24724807167322915,-0.1258883048166718
2023-09-22,-0.1427991696251184,-0.11843972149039261,-0.22975036433312512,-0.11006292032670495
2023-09-25,-0.14669719347832144,-0.12341346534031028,-0.23284499132383496,-0.11585368495089077
2023-09-26,-0.1511260086351377,-0.12650881749497533,-0.23874701005434318,-0.12102129199101719
2023-09-27,-0.14575338359813117,-0.12222529302650575,-0.23247454660692257,-0.11921182383260609
2023-09-28,-0.13939906434176497,-0.11968454194456024,-0.23336039266910447,-0.12182474897919604
2023-10-09,-0.14208604932144553,-0.12474087575116799,-0.23538825517707296,-0.12296486006267049
2023-10-10,-0.14441963117755396,-0.12902766421680223,-0.2394701098781955,-0.1295344943107506
2023-10-11,-0.1421658527668479,-0.12911781860293992,-0.23336284113155237,-0.12705376492527998
2023-10-12,-0.1357874664788722,-0.12264345592391057,-0.22754743676013633,-0.11876258674305495
2023-10-13,-0.13898555026747828,-0.12856177889639897,-0.23615573338279228,-0.12803866380885165
2023-10-16,-0.14712677583547706,-0.13671658963220856,-0.2514121794097086,-0.13680090542433432
2023-10-17,-0.14896572356369653,-0.13444637905458057,-0.249436882329917,-0.13375316714052288
2023-10-18,-0.16359877608101747,-0.1453898190266718,-0.2584085078254964,-0.14061408905957495
2023-10-19,-0.1728173269263309,-0.1547597803277313,-0.26787074398406074,-0.1589492174529824
2023-10-20,-0.18252504726765018,-0.16100193513265082,-0.27428127775920386,-0.16441308676150135
2023-10-23,-0.2018046932637002,-0.1816286182568757,-0.2865377069146836,-0.17306391167590385
2023-10-24,-0.1903110576061674,-0.1720875368769803,-0.280452627358974,-0.16999670343663764
2023-10-25,-0.18187597358221397,-0.16837709915237553,-0.2869633185511239,-0.1658724527502502
2023-10-26,-0.17723430676642604,-0.16482913423449763,-0.2823489615248228,-0.16356671494485697
2023-10-27,-0.16237127252645855,-0.1504283478060927,-0.26167051017885135,-0.1520846062391925
2023-10-30,-0.14964677808701865,-0.1420191927983414,-0.24339235543349969,-0.146994164963839
2023-10-31,-0.15491573084609722,-0.14482678725037534,-0.2470111446741753,-0.14967573479445284
2023-11-01,-0.15646217919779426,-0.1476533623873426,-0.25049228441661153,-0.15002771731433628
2023-11-02,-0.16682105431493,-0.15546754176029143,-0.25792283234463265,-0.1540354576927151
2023-11-03,-0.15437412353533708,-0.1475929088284843,-0.2470164241713284,-0.1469073832308464
2023-11-06,-0.13690393607524598,-0.13294280561192184,-0.2224848963342041,-0.1353701255193278
2023-11-07,-0.13404599022867192,-0.1320090549159635,-0.2261459598093306,-0.13842845564932182
2023-11-08,-0.13090583720085802,-0.1324856603787128,-0.22600670350760987,-0.140496126835573
2023-11-09,-0.13632018314501404,-0.13495461899221872,-0.22782197061209986,-0.14007864148266802
2023-11-10,-0.1380380878613141,-0.1378870961414541,-0.23285264276898454,-0.1463473482896549
2023-11-13,-0.13009932265746238,-0.13286442327242975,-0.23133031124204262,-0.14803138042698238
2023-11-14,-0.12481236209590896,-0.12899951030761025,-0.23301427954776743,-0.14740198674472116
2023-11-15,-0.12123229204442476,-0.12373015041117696,-0.22897753011580113,-0.14140700180537435
2023-11-16,-0.13002628629506574,-0.1322778474028421,-0.24322685467491634,-0.14970941448512332
2023-11-17,-0.1223705210687892,-0.12886494390318126,-0.24001030190574923,-0.1507318489674141
2023-11-20,-0.11471893218035079,-0.12447952394028994,-0.2375449297641331,-0.14876704959959253
2023-11-21,-0.12054465448010343,-0.127370450869696,-0.24087296408912817,-0.14763786358892217
2023-11-22,-0.1317506324815907,-0.1379182356025549,-0.25398107560419725,-0.15636154612391984
2023-11-23,-0.1226114886835118,-0.130169645556515,-0.2496414054587628,-0.1522904212817563
2023-11-24,-0.13423706830257554,-0.13830157737381077,-0.2585979576073977,-0.1578866529647054
2023-11-27,-0.1348094106284088,-0.13890697923652284,-0.2630889350806632,-0.16409092802423997
2023-11-28,-0.13028805065651472,-0.13504144750446845,-0.2584130604353604,-0.16252457248809615
2023-11-29,-0.13452604256682088,-0.140944579741338,-0.26626348141595957,-0.1697165312536819
2023-11-30,-0.13917225380445974,-0.1422261240309023,-0.2644699061584683,-0.16783725211807177
2023-12-01,-0.13216393419971617,-0.1388509808017565,-0.2630573346121958,-0.17100802243091207
2023-12-04,-0.13438070601005314,-0.1400576851942491,-0.26970139049330133,-0.17642136030247468
2023-12-05,-0.15162293620956824,-0.15531948623013958,-0.2841705028143354,-0.1921022672501307
2023-12-06,-0.14720546087176334,-0.15200673020746158,-0.2800213536531231,-0.19083103149110592
2023-12-07,-0.14762637909753962,-0.15211323551778377,-0.2818309586882026,-0.1928103262169616
2023-12-08,-0.15013032722328967,-0.14950602883480069,-0.276105152739487,-0.190863449680995
2023-12-11,-0.13994627785518243,-0.13916270026556254,-0.26709232421177775,-0.18610473550731976
2023-12-12,-0.1393926936569272,-0.13895788831078149,-0.27163169707561374,-0.18435572417880475
2023-12-13,-0.14780720744739284,-0.14803288327092234,-0.28369416209655407,-0.19796993581817257
2023-12-14,-0.15172741544090917,-0.15084612397397568,-0.28821926501518635,-0.2021688530696717
2023-12-15,-0.15742733795073016,-0.15696268449937345,-0.2928148760008712,-0.20464715466118588
2023-12-18,-0.17081923949086175,-0.1669428121708545,-0.3037202129718546,-0.20754765438210865
2023-12-19,-0.16989383381131395,-0.1677776374551193,-0.3007832822656755,-0.20643479647589047
2023-12-20,-0.18436655742688213,-0.17869686815914154,-0.3102676693579477,-0.2151317732773672
2023-12-21,-0.17904353878914625,-0.17413724975042033,-0.29889207456807687,-0.2071896499811371
2023-12-22,-0.18824607797990056,-0.17832503545845646,-0.3014833894968536,-0.20567625367590625
2023-12-25,-0.18798888635445743,-0.17775508895830905,-0.29929262772165244,-0.20324305668779885
2023-12-26,-0.19990026905242486,-0.18658652166557788,-0.3081181488721023,-0.20863671038679288
2023-12-27,-0.19359013403467873,-0.18237178864445802,-0.307608486110695,-0.20588354443636514
2023-12-28,-0.17810703396090333,-0.16732545782897112,-0.28095678107987365,-0.1872744799582039
2023-12-29,-0.16653958330171592,-0.16014277682687006,-0.2764156483836532,-0.1833306000816406
2024-01-02,-0.171138594843245,-0.16320155983794737,-0.2899758455353798,-0.193983783764485
2024-01-03,-0.17548575197751715,-0.1644484376931714,-0.29808247515680963,-0.19590105073494335
2024-01-04,-0.18129401860081407,-0.171575615274294,-0.31069634157244774,-0.2033380024730176
2024-01-05,-0.19647131164529474,-0.18293780597266307,-0.3207136135621559,-0.2076081826177094
2024-01-08,-0.21519186633997422,-0.20059918634583673,-0.33263659273802104,-0.21785609132313588
2024-01-09,-0.21381452427802872,-0.1985954169395946,-0.3302020176631315,-0.2163225348073058
2024-01-10,-0.21965218099404438,-0.20208752264533392,-0.33310092068691766,-0.21998098228067442
2024-01-11,-0.20563011962390654,-0.19191113747609556,-0.3200649240423824,-0.21556746708494545
2024-01-12,-0.210814766986964,-0.19464690852132827,-0.326229081283712,-0.21830587585642214
2024-01-15,-0.21295483575185292,-0.19663971027833016,-0.33217853897414695,-0.21907877120303143
2024-01-16,-0.2157723631424,-0.19708802260925973,-0.32964541328573216,-0.2143286971196129
2024-01-17,-0.23705788296649888,-0.21702129970077655,-0.3497726927803603,-0.2314170819106739
2024-01-18,-0.23928021850826087,-0.2161831176042619,-0.3372480039579395,-0.22055232312509454
2024-01-19,-0.2486858551316461,-0.22368949121616588,-0.34372173867001743,-0.22173106469475856
2024-01-22,-0.2920281157292379,-0.260422360614327,-0.362298146747296,-0.2338402106944324
2024-01-23,-0.2808726360228986,-0.2473094144321022,-0.3543658553035973,-0.23073851349984364
2024-01-24,-0.27184377585790187,-0.23679688396245668,-0.351085565996335,-0.2199857664628827
2024-01-25,-0.24738215818642628,-0.21522093455385594,-0.34167604829485054,-0.20432173506341422
2024-01-26,-0.2539553458596664,-0.2223498601524172,-0.35633070816075973,-0.20648713685736353
2024-01-29,-0.2735654605138724,-0.2376921163980371,-0.3787744626743951,-0.21359459887250398
2024-01-30,-0.2943178531165843,-0.25516036404799014,-0.3940932679792797,-0.22761908388861185
2024-01-31,-0.3225793153093729,-0.27341573002839037,-0.3980715603703039,-0.23468513059508334
2024-02-01,-0.3274759794036042,-0.27623866990785195,-0.39207841292806533,-0.23412361993599673
2024-02-02,-0.3523605397629267,-0.29410691963686286,-0.4068699571476988,-0.2431881695028617
2024-02-05,-0.39222682729928493,-0.3100337716969185,-0.40218891777692,-0.2382387544940966
2024-02-06,-0.3498440909378169,-0.2565664352435957,-0.36208172562124274,-0.21175428344970482
2024-02-07,-0.3207652840374082,-0.20959160681846845,-0.3469415433033729,-0.2041524083359021
2024-02-08,-0.293122316242834,-0.20330179146727412,-0.33935176880179097,-0.19908274612058763
2024-02-19,-0.28795760204478027,-0.2046360237868976,-0.33186731644269163,-0.18982901904033123
2024-02-20,-0.28563216050818696,-0.20473598563370976,-0.33196135270357885,-0.18815184185064548
2024-02-21,-0.2817432113416084,-0.20503304031404668,-0.32955038233697553,-0.177198897019883
2024-02-22,-0.2706933009615713,-0.19926212316611314,-0.3274879352969313,-0.1701051210981246
2024-02-23,-0.2601978949898216,-0.19595660672008441,-0.3273642496860899,-0.16937514057998104
2024-02-26,-0.2559894913713179,-0.19630424562188142,-0.3298470671226469,-0.17803501021696633
2024-02-27,-0.23636240238128836,-0.1789261523580663,-0.31367348062288725,-0.16817414423238275
2024-02-28,-0.27062002392885853,-0.19807037747152656,-0.33089271361677575,-0.17877255973979767
2024-02-29,-0.24336010417796872,-0.17289493530355415,-0.3086787702582052,-0.16310548169693273
2024-03-01,-0.23524325709728267,-0.16790530460487818,-0.3021750036239157,-0.15793542306094832
2024-03-04,-0.23150632662801285,-0.1663936871881646,-0.2980437588443532,-0.1572059423827371
2024-03-05,-0.2390384439401253,-0.17211623220750294,-0.29849224830179033,-0.15133979713639334
2024-03-06,-0.23814272565192207,-0.17238310651595312,-0.2989055793687657,-0.15478302781609232
2024-03-07,-0.24921102607552448,-0.183645103329797,-0.3152201054881789,-0.15985964018665455
2024-03-08,-0.23971229251104198,-0.17246147338626427,-0.3085794545001649,-0.15624403613604698
2024-03-11,-0.22608276442645836,-0.15831402573304432,-0.27678161700515314,-0.14568703593730103
2024-03-12,-0.22187672503988332,-0.16099520603897022,-0.27080327510927893,-0.14372804423345387
2024-03-13,-0.2182767926087824,-0.16232643733750396,-0.27496914267814276,-0.1497101523440708
2024-03-14,-0.2232512640005001,-0.1657584143371834,-0.27960855818730834,-0.1521232129234804
2024-03-15,-0.21348314956691805,-0.15628824368241745,-0.2792001623024545,-0.1502737813723939
2024-03-18,-0.20040661108333813,-0.1447945340082516,-0.2630142187187785,-0.14229181369299604
2024-03-19,-0.20614536645651516,-0.15256349696550364,-0.27045823319026274,-0.14845595874654438
2024-03-20,-0.19882920120332892,-0.15021385214408423,-0.26957567724949516,-0.1466104783111123
2024-03-21,-0.19895300484534462,-0.15448108756509282,-0.2742243510072917,-0.1476324367553724
2024-03-22,-0.2077862566716644,-0.16705180801929764,-0.2849056154070724,-0.15622204317902955
2024-03-25,-0.22616544175857634,-0.18094611799668425,-0.29857626116953184,-0.16080126721323773
2024-03-26,-0.22875804150311463,-0.18254369765151846,-0.2954797213175344,-0.15652089985468942
2024-03-27,-0.2544556569755998,-0.20230322490345065,-0.31526486644230334,-0.16627018252488202
2024-03-28,-0.23803264021792392,-0.1919200013167368,-0.3087314122008338,-0.16194342526024408
2024-03-29,-0.2296765668430375,-0.1822741626439578,-0.30440589722892586,-0.1580114701363492
2024-04-01,-0.21300018087082107,-0.1644747507698393,-0.28377962873887386,-0.14416773676048988
2024-04-02,-0.21696465804542175,-0.16756793723918195,-0.28822676343143283,-0.1477310480334274
2024-04-03,-0.22122959087405336,-0.16859411629086662,-0.2959094264771296,-0.150795019214085
2024-04-08,-0.23552988128667685,-0.18035134346123294,-0.3086735290182778,-0.15826772140826328
2024-04-09,-0.225762049994643,-0.17349741349108116,-0.30081905277174936,-0.15896287974446288
2024-04-10,-0.24018232163837927,-0.18392758604174975,-0.31521811611244,-0.16581270997740016
2024-04-11,-0.23836122598478338,-0.17985351428232343,-0.3182236037671584,-0.1659231269986159
2024-04-12,-0.24418631121605228,-0.1836574477361349,-0.32557212820317705,-0.17268424754453637
2024-04-15,-0.2514429034874658,-0.17398869920648052,-0.3130846636614085,-0.15525244891814416
2024-04-16,-0.28270903547718307,-0.1969091215324439,-0.3265961593647586,-0.1642879601651377
2024-04-17,-0.2514507181942003,-0.1739849247263472,-0.312398558574854,-0.15136628865280055
2024-04-18,-0.2515550700118444,-0.17242417719117542,-0.31615645108834733,-0.15031929060812665
2024-04-19,-0.2547163595562424,-0.1778336569279717,-0.32820288633169936,-0.15701712189786843
2024-04-22,-0.25730813819029064,-0.18514835191965728,-0.3303212654357863,-0.15957758765347763
2024-04-23,-0.26122315053639467,-0.19432310762725913,-0.32928916199957203,-0.1654518017444414
2024-04-24,-0.24888113785754273,-0.18585096211498608,-0.3246029961605431,-0.1617870229652647
2024-04-25,-0.24769488802657813,-0.1864238941670422,-0.32486425475517233,-0.159725921103837
2024-04-26,-0.23326147861499846,-0.16897690117161102,-0.30228709729535563,-0.14687591711701853
2024-04-29,-0.21495684469776677,-0.152522348944377,-0.27786762487244554,-0.1374399388767169
2024-04-30,-0.22172453645764556,-0.1583000415935336,-0.28903024168658054,-0.14208561782000773
2024-05-06,-0.20623509401318718,-0.14477030927100187,-0.27494618834269424,-0.12935578963403394
2024-05-07,-0.20361685580144573,-0.14500527065930757,-0.2759669676400873,-0.12908661392958687
2024-05-08,-0.21617091318585657,-0.1555751763208174,-0.28646146026376906,-0.13593782467281312
2024-05-09,-0.20340601444746742,-0.14041301227894076,-0.2731091911339797,-0.12776479912980254
2024-05-10,-0.2108516603307139,-0.1437196734443542,-0.28146609952624935,-0.12735633469757912
2024-05-13,-0.21841553196747365,-0.14838145032357197,-0.28827542662258354,-0.12773392806351302
2024-05-14,-0.21404505812669472,-0.14908090480600222,-0.2900998372040272,-0.1295536548414854
2024-05-15,-0.22175219938691926,-0.1574469781450175,-0.2964927726553266,-0.13692974511733746
2024-05-16,-0.22292566537697578,-0.16084872836526765,-0.29445599621375884,-0.1335252877352372
2024-05-17,-0.21240908041740958,-0.15044892181665603,-0.2865260384608307,-0.1245732973607262
2024-05-20,-0.2076599189127908,-0.1455595932867716,-0.28232214320957383,-0.12148078770012938
2024-05-21,-0.21615876641343235,-0.1524570225935431,-0.28784882029827397,-0.12500375474996706
2024-05-22,-0.2157460876067132,-0.15405132278203204,-0.28155734300965696,-0.12303060091470708
2024-05-23,-0.23370235831993325,-0.17049529408954778,-0.29145054681626614,-0.13318432549576387
2024-05-24,-0.24258116762138227,-0.17805209723110327,-0.30426878333184704,-0.14278037152388112
2024-05-27,-0.2348643570772816,-0.1690931675350652,-0.29952634111374365,-0.1346323855812842
2024-05-28,-0.2428753516901172,-0.17763845133451384,-0.3089771001045838,-0.1409483391628158
2024-05-29,-0.24241905492787474,-0.17575464542595498,-0.30713551202877953,-0.13991298024799204
2024-05-30,-0.24481961391724527,-0.17879378257732148,-0.3063373897852365,-0.14448537313645993
2024-05-31,-0.2418587885890785,-0.1788122991868285,-0.3094154131399721,-0.1479098479177502
2024-06-03,-0.25185174572620483,-0.18414477334123047,-0.3039269167625679,-0.1458096633340038
2024-06-04,-0.24773424470179883,-0.17364415414085843,-0.29469269366945827,-0.13940145358212663
2024-06-05,-0.2575908125550852,-0.18354583759612397,-0.29853482859404723,-0.14437076698057416
2024-06-06,-0.2736188610098911,-0.19114743948549262,-0.30354690773921866,-0.1449772870354613
2024-06-07,-0.27040274110465523,-0.19421349301158097,-0.3186120293801721,-0.14929283360447665
2024-06-11,-0.2639844460154397,-0.19290009767859584,-0.316227992100495,-0.15672788119042835
2024-06-12,-0.2615014220501125,-0.19050497346540463,-0.31924396223506823,-0.15643145230872502
2024-06-13,-0.2666300215436741,-0.19643947720108812,-0.3198664455552047,-0.16071386663080522
2024-06-14,-0.266571184729927,-0.19357726107138562,-0.3146745957062461,-0.15704777874704412
2024-06-17,-0.2661016652573768,-0.19449995130301867,-0.3090006665556442,-0.15831749118437077
2024-06-18,-0.25997357609814176,-0.1908239634442218,-0.30702204109721265,-0.15608211179991172
2024-06-19,-0.26949558389789874,-0.20042582323577407,-0.3157712008250706,-0.16009063764104126
2024-06-20,-0.2841985865347394,-0.21191247896346088,-0.3256395756921697,-0.16615233931038753
2024-06-21,-0.28431260763625954,-0.21071146722953038,-0.32825036354885195,-0.16797601720401445
2024-06-24,-0.3080336261167952,-0.22763776759671916,-0.33757051237099045,-0.17245305967493751
2024-06-25,-0.31372001446060516,-0.23448680930571475,-0.349617636244406,-0.17695349941506833
2024-06-26,-0.2940737709448298,-0.22338032416720421,-0.3379044979517656,-0.17163079918454693
2024-06-27,-0.3113876501131547,-0.23767081533597267,-0.3484025867546674,-0.1778543537843239
2024-06-28,-0.3068713442178985,-0.23539215858558726,-0.3559663845999669,-0.17605980941817445
2024-07-01,-0.30060539343877224,-0.22605200639607326,-0.3562487994404344,-0.17212637857638458
2024-07-02,-0.30550337414120343,-0.2343564350493028,-0.3630037247617559,-0.17364898621750902
2024-07-03,-0.31095626980716706,-0.24032020647520114,-0.3648825371182125,-0.1756415862063221
2024-07-04,-0.32585866072235525,-0.2521427290580396,-0.36981936430033857,-0.17983103030101077
2024-07-05,-0.3189321831821622,-0.247228711715479,-0.36661566595902273,-0.1833423582209983
2024-07-08,-0.33547176931529354,-0.2600137112631601,-0.3768822220317012,-0.19031633917233648
2024-07-09,-0.32087602069696763,-0.24558367261372105,-0.3679458314410353,-0.18125954902537167
2024-07-10,-0.323619902970789,-0.2506477564799471,-0.36833123473321494,-0.18384096045433074
2024-07-11,-0.30721008060926636,-0.23586395313308472,-0.35532075565825316,-0.17450982959028605
2024-07-12,-0.3094150029458046,-0.23901470042446193,-0.3558904440068582,-0.1735024379097646
2024-07-15,-0.3165526049815245,-0.2445011238669289,-0.3599538587251705,-0.17258718339008106
2024-07-16,-0.3152620316470707,-0.24226342950749957,-0.35102894530222883,-0.1673421963680678
2024-07-17,-0.3210798542976244,-0.24872694829073605,-0.350984987749845,-0.166556519400335
2024-07-18,-0.31870108305039946,-0.24546106388610822,-0.34285215192877816,-0.16195147030296253
2024-07-19,-0.31742745573761433,-0.24633327818054707,-0.3398763901384655,-0.15764699161816043
2024-07-22,-0.31665609321744614,-0.24727309279540854,-0.3404782910711499,-0.163381036310991
2024-07-23,-0.3353319398616411,-0.2694216184649053,-0.36055220173586044,-0.18124364935514703
2024-07-24,-0.3443841733614542,-0.27788903040783075,-0.368408476071999,-0.18641142300858426
2024-07-25,-0.344163945865148,-0.2782932865116292,-0.37087763567896415,-0.1909087208977126
2024-07-26,-0.3343228941687112,-0.26732125949328167,-0.36510848429347686,-0.1885234133354915
2024-07-29,-0.3366495107427301,-0.27158035812515025,-0.37423619927010565,-0.19293892789094924
2024-07-30,-0.33426465195221566,-0.27305956760793126,-0.376043394099963,-0.19802299025669168
2024-07-31,-0.3078490602985037,-0.24411184193021718,-0.3541637423799735,-0.18071846039780115
2024-08-01,-0.3093768496221646,-0.24928490617570542,-0.36264498675592227,-0.1861495306860066
2024-08-02,-0.31906027641863544,-0.25924034503451054,-0.3732302255190769,-0.19445037244025432
2024-08-05,-0.33762215858961986,-0.2739001938350242,-0.3850960483996754,-0.20422614662685412
2024-08-06,-0.32754638254960133,-0.265093867608315,-0.3774189709089377,-0.20430745392249394
2024-08-07,-0.3284717740720715,-0.26491368258948644,-0.38010612018821177,-0.20466207845344764
2024-08-08,-0.3290262643232815,-0.26431439105321974,-0.3834815552159079,-0.20431745072113816
2024-08-09,-0.33422870713265274,-0.26980664637687646,-0.3895516761963502,-0.2070093267751162
2024-08-12,-0.3382838037598026,-0.27075827944592623,-0.39079407960249823,-0.20838100655861402
2024-08-13,-0.334959141542007,-0.2680238387502487,-0.3851354150849694,-0.20635170403763559
2024-08-14,-0.341798057558373,-0.2780420206066816,-0.3938800604601893,-0.2123382155000364
2024-08-15,-0.3357711207172859,-0.2731998730784648,-0.3906733015408136,-0.20455163763033035
2024-08-16,-0.3408958977999449,-0.2775306404253258,-0.39115117254762477,-0.20367548963486692
2024-08-19,-0.3397688245525854,-0.27558401417323475,-0.39198280812092245,-0.20097785352071773
2024-08-20,-0.35170437338170446,-0.28810682657427067,-0.4001386365346635,-0.20675321831461124
2024-08-21,-0.3560986877408544,-0.29040983181535296,-0.4037566988880499,-0.20938770798399087
2024-08-22,-0.36408684698781557,-0.29872487232666267,-0.40830173382129653,-0.2114107030010628
2024-08-23,-0.3635906838955656,-0.29814977458928404,-0.4081978271961665,-0.20806539334427432
2024-08-26,-0.3611062442224967,-0.2970248248177143,-0.40880749434567765,-0.2087716909703916
2024-08-27,-0.36863963567157676,-0.30461613970180124,-0.4143797357902429,-0.21326770355683722
2024-08-28,-0.36710076135629777,-0.3038854993507276,-0.4141096397764661,-0.2177515533715989
2024-08-29,-0.35691989733060936,-0.29493011209710984,-0.4103033136151766,-0.21984954818040414
2024-08-30,-0.3446236544830481,-0.2823670024798953,-0.39536004123822877,-0.20943595443840013
2024-09-02,-0.35832841327702813,-0.2966344136307987,-0.4120056071320344,-0.22286529670855415
2024-09-03,-0.3526822168760064,-0.2889619010163005,-0.40459487644695047,-0.22086184305264156
2024-09-04,-0.35574401048031457,-0.29118913820945846,-0.4052380569262163,-0.22592291278150212
2024-09-05,-0.35064582038904557,-0.28824889553142397,-0.4013803895679737,-0.22459169623061193
2024-09-06,-0.36176665772694416,-0.29809297175711214,-0.41157632280192247,-0.23087827826565077
2024-09-09,-0.3663955407018241,-0.3027751524859036,-0.4112067197439765,-0.24001680414248305
2024-09-10,-0.3646904622976642,-0.30269458899190815,-0.4108462984202099,-0.2393494940310782
2024-09-11,-0.3649125726852669,-0.3015795085577365,-0.4038271304406509,-0.24164049845942204
2024-09-12,-0.3673564664886121,-0.304414065792035,-0.4063191296113873,-0.24489069571768085
2024-09-13,-0.3752216715182026,-0.3114731480389472,-0.41268715960872493,-0.24803913984688242
2024-09-18,-0.37721130717845364,-0.3096305520282385,-0.41333592564294996,-0.2452392745656451
2024-09-19,-0.3654409148144868,-0.3007320913602397,-0.40836202720907455,-0.2392827296972756
2024-09-20,-0.3681192215057105,-0.30413589898154636,-0.41213981347995643,-0.2380893023543651
2024-09-23,-0.3673014379286905,-0.30470861446507025,-0.4144707879875218,-0.23530110000487947
2024-09-24,-0.34274951226036876,-0.2745578505907309,-0.3820228071981582,-0.20218192031361393
2024-09-25,-0.3365627703293933,-0.2680794968630359,-0.3719917243499552,-0.1903704646964247
2024-09-26,-0.3099653451733314,-0.23610340058384405,-0.3442162515700288,-0.1561463293302502
2024-09-27,-0.2728300994415769,-0.19534493983911805,-0.2786642933414102,-0.11845256697557571
2024-09-30,-0.19179711186560156,-0.11157137424366548,-0.16787224749303276,-0.043674228134085724
2024-10-08,-0.12198012550192505,-0.047781932937264626,-0.0243350004684596,0.0
2024-10-09,-0.18917037940740966,-0.11274331938673243,-0.1276984112501034,-0.07051351423870533
2024-10-10,-0.19948383862019003,-0.11966713911607618,-0.15340252305638657,-0.060691367831394394
2024-10-11,-0.23314543305140745,-0.1537099953060318,-0.19626515363929697,-0.08668253316266672
2024-10-14,-0.20497303303265213,-0.13246466870026585,-0.17540260852302902,-0.0692544966441313
2024-10-15,-0.22034485847792618,-0.15343979512369343,-0.2019595121484481,-0.09400663922963015
2024-10-16,-0.21792699953995154,-0.15521446596118127,-0.21957179987966569,-0.0997409785991209
2024-10-17,-0.22056583629933546,-0.1617268982943434,-0.22204524429591455,-0.10993043343334197
2024-10-18,-0.18604816339668373,-0.127535135769288,-0.16021536981748974,-0.0777384214200798
2024-10-21,-0.1703144122672322,-0.11760311725032713,-0.15438699624654528,-0.07539744989786645
2024-10-22,-0.16631592979267473,-0.10992658264880151,-0.15184120741640805,-0.07009256510696349
2024-10-23,-0.1642258496681468,-0.10644086571476341,-0.15631248241841367,-0.06646637827406243
2024-10-24,-0.1701642339899876,-0.11412578461232314,-0.1678689191143926,-0.07689271685165389
2024-10-25,-0.15412756387503446,-0.10128887049362656,-0.14346012045746614,-0.07041081449239806
2024-10-28,-0.13895413571268878,-0.08983666463174755,-0.14720129456330777,-0.06859320989971984
2024-10-29,-0.15286364831735777,-0.10084943747251907,-0.16702320488201983,-0.07787587132076579
2024-10-30,-0.14783635686979546,-0.09691946113294059,-0.17689020248899212,-0.08614643155857238
2024-10-31,-0.13405925541021213,-0.08711871408288241,-0.1719369246997946,-0.08577263831583504
2024-11-01,-0.16045247888160452,-0.09786495293718289,-0.18751664428427672,-0.08601213008296194
2024-11-04,-0.14305630462225183,-0.08284642023972788,-0.1637030898027546,-0.07315020276092443
2024-11-05,-0.11284075519060754,-0.054528197408528656,-0.12397055065882201,-0.04969899411578149
2024-11-06,-0.1090677524880781,-0.052390959909699664,-0.13315538367349178,-0.05446613260292377
2024-11-07,-0.0933924417742058,-0.0347912087531308,-0.10066447827683944,-0.02593949826604014
2024-11-08,-0.09067368831280032,-0.03743872812147353,-0.11182533525858995,-0.035725038357920624
2024-11-11,-0.06860511222258636,-0.020705684230952204,-0.08471756583963341,-0.02936141340038323
2024-11-12,-0.08092645556840883,-0.031028608950616654,-0.08534490782743986,-0.04002569302827319
2024-11-13,-0.08341501495100623,-0.03165384230321011,-0.07522636896117818,-0.03411720345982794
2024-11-14,-0.11204105020144961,-0.05973598996508056,-0.1067074366270011,-0.05086283059109431
2024-11-15,-0.13280643900123068,-0.08353094696261398,-0.14165323168541477,-0.0674950439325126
2024-11-18,-0.15417725521676973,-0.09767714161218322,-0.16180319771491114,-0.071830049330182
2024-11-19,-0.13213083495271416,-0.0816563761550374,-0.13668457449146676,-0.06560119576244539
2024-11-20,-0.11506899423365258,-0.07302629030603358,-0.13238166953997554,-0.06351442432151788
2024-11-21,-0.11346053788286692,-0.07412113705162127,-0.13314260576009207,-0.06268615356955509
2024-11-22,-0.14625911687471538,-0.11048409192752551,-0.1676867764626091,-0.09172661557790918
2024-11-25,-0.1431954545361881,-0.11274203544471983,-0.16783506146960614,-0.09586374011000964
2024-11-26,-0.15318451847702463,-0.11972947991500127,-0.17743261343563932,-0.09772135789599867
2024-11-27,-0.13377605723355313,-0.10202382674616417,-0.1549818578496922,-0.08201212651161405
2024-11-28,-0.1383882065429255,-0.10934698337978843,-0.1698936827870755,-0.09011678354450736
2024-11-29,-0.1238004142021083,-0.09475304875898183,-0.149158304689192,-0.07977098825914697
2024-12-02,-0.1061776700757665,-0.08056997558220746,-0.13710907666836036,-0.07247585240202037
2024-12-03,-0.10764036515746178,-0.08234951921167066,-0.14093453144252355,-0.0714751231421884
2024-12-04,-0.12156116095283243,-0.0905251669341185,-0.1532124229016476,-0.07648779179380394
2024-12-05,-0.11014264274807672,-0.0870111259298989,-0.15013233365672163,-0.07859505149343193
2024-12-06,-0.10107922515710388,-0.07506720121555588,-0.13268416942396055,-0.06648244933937353
2024-12-09,-0.10764088896932622,-0.08003096744380944,-0.1397375776205635,-0.06802604696764136
2024-12-10,-0.09932386081395717,-0.07307218736568877,-0.1338368978929565,-0.06119676054314749
2024-12-11,-0.08724021479797406,-0.06456238986716689,-0.13478135402498337,-0.06279590202871821
2024-12-12,-0.08118507705867128,-0.056318940724945254,-0.12308887463424645,-0.05347421423416132
2024-12-13,-0.10031938649795358,-0.07366027921500218,-0.14485207135906075,-0.07587126437602609
2024-12-16,-0.11128717167189195,-0.08536899503414552,-0.15775477982909192,-0.08088506082169844
2024-12-17,-0.1301971480624171,-0.09533711862126781,-0.1578892157203684,-0.078490425098944
2024-12-18,-0.12284621302709353,-0.08907930900530314,-0.15752336187054572,-0.07382497604259985
2024-12-19,-0.12124384421959733,-0.08702201623323469,-0.15315989573069633,-0.07298535686293939
2024-12-20,-0.11210304404346061,-0.08466148110847938,-0.1546447734336316,-0.07714865561544404
2024-12-23,-0.1369305796949456,-0.09991782152352124,-0.1629530186347502,-0.07577939615180684
2024-12-24,-0.1273067117231701,-0.08805164491225448,-0.15315794461218335,-0.06400419238644084
2024-12-25,-0.13717049968593942,-0.09655514645416063,-0.15784521991075895,-0.06354816416038711
2024-12-26,-0.12786006940818662,-0.08931996305217094,-0.15457407408045032,-0.06311325857719097
2024-12-27,-0.12628672260939622,-0.08744726401548009,-0.1564677684977226,-0.06462859086690764
2024-12-30,-0.12991621501814488,-0.0874909644514511,-0.155936490403768,-0.06039367719178901
2024-12-31,-0.1565613636821811,-0.11427609864288257,-0.1806848601964286,-0.07546476510563838
2025-01-02,-0.17930162231046676,-0.14210747541359336,-0.21173197615059847,-0.10237104133125563
2025-01-03,-0.2036348069756111,-0.1603631662467918,-0.22874691555899562,-0.11299824472952469
2025-01-06,-0.20606622839375166,-0.1604719764650645,-0.22942682297497896,-0.11445382742993448
2025-01-07,-0.19417334899596872,-0.15156420335017917,-0.22400642445940533,-0.10807807868628527
2025-01-08,-0.1984575212928107,-0.15513736756370178,-0.23162500665197516,-0.10969698006356154
2025-01-09,-0.19690020030565702,-0.15591079566907495,-0.2307772265294119,-0.1118910094184431
2025-01-10,-0.2150019774605737,-0.16941619497009064,-0.24430318346409463,-0.12302720037202164
2025-01-13,-0.2129411741721451,-0.16749549506514572,-0.24156599373354293,-0.12536915871403476
2025-01-14,-0.1773245156637302,-0.138015134551554,-0.2058734176285394,-0.10233713702241976
2025-01-15,-0.18234795638623502,-0.14572082855902857,-0.22034318032241118,-0.10809675777535299
2025-01-16,-0.17870474576946893,-0.14213590776804097,-0.2152101318294265,-0.1070729087373542
2025-01-17,-0.1730041578770093,-0.1356914006080998,-0.20911805120140503,-0.10426298634885178
2025-01-20,-0.16768425379630525,-0.13150896723664618,-0.1947895724422185,-0.10019035753938088
2025-01-21,-0.1635965534198629,-0.1284779668744198,-0.191858150776547,-0.0995000300980039
2025-01-22,-0.17099845393388935,-0.13263383966231146,-0.196202450046297,-0.10786400927685802
2025-01-23,-0.1747792996573081,-0.1361615244840627,-0.19915655824683665,-0.10628338241038815
2025-01-24,-0.159334324593018,-0.12599895329334532,-0.18824322551567196,-0.09944147878988263
2025-01-27,-0.17236754241970054,-0.13537439068443458,-0.21043976183652735,-0.10314992410180956
2025-02-05,-0.16736046727869036,-0.1315002890261755,-0.21078285263703034,-0.10831789939334546
2025-02-06,-0.1446529256563165,-0.11084676687313277,-0.18866175956534892,-0.09709949695216002
2025-02-07,-0.13159715560530794,-0.09752979766435177,-0.16815366764563078,-0.08538185767511552
2025-02-10,-0.1207680390046737,-0.0890894103804144,-0.1645093608353818,-0.08341785131642465
2025-02-11,-0.12365228870108935,-0.09377199330790864,-0.17642430599383996,-0.0876298331790526
2025-02-12,-0.11028279781450967,-0.08104868485355565,-0.16149365850138875,-0.07900068142256744
2025-02-13,-0.12049201846626534,-0.08758732197911967,-0.16746312472088953,-0.08245969628224104
2025-02-14,-0.11534766214553793,-0.07992467870201936,-0.15248829013270004,-0.07450200491238901
2025-02-17,-0.1107138666647941,-0.07978178987827989,-0.1481587964093144,-0.07253076187516627
2025-02-18,-0.13045276825226693,-0.09648982010332674,-0.1650077377151935,-0.08066389570799637
2025-02-19,-0.10972808105006093,-0.08053009603391237,-0.1480184306480471,-0.074231404825859
2025-02-20,-0.10323206360582338,-0.0784163562208321,-0.14855338143567354,-0.07687803203320454
2025-02-21,-0.08697781336804122,-0.06302169039040872,-0.12715688021964844,-0.06523635438503483
2025-02-24,-0.08488318882166224,-0.0648921928034153,-0.1329978786750895,-0.06728684845046506
2025-02-25,-0.0889314192662648,-0.07494835149889567,-0.14281292296949688,-0.07764056178993317
2025-02-26,-0.07633483402129182,-0.06384537786444378,-0.1322437139839303,-0.06958369503020168
2025-02-27,-0.07985649197135147,-0.06736531262657663,-0.1367224874021824,-0.0676630147598638
2025-02-28,-0.11229198439867416,-0.09352598692445835,-0.16966827121297168,-0.08600545730145859
2025-03-03,-0.1118316953406,-0.08951965470808243,-0.15967054866562036,-0.08637549123067279
2025-03-04,-0.0999457245965969,-0.08149724469137942,-0.16213680072342873,-0.08713980666132493
2025-03-05,-0.09419663455690497,-0.0794749277372685,-0.16202811194508038,-0.08306334805120241
2025-03-06,-0.07483908216382662,-0.06445899386220033,-0.14506998451691822,-0.07045407009362248
2025-03-07,-0.07869074158848743,-0.06971831426024588,-0.15631083735770646,-0.07332585668528835
2025-03-10,-0.07682087480318833,-0.06974238430568691,-0.1583880516868892,-0.07690014149586177
2025-03-11,-0.07246593127633649,-0.06489200717324484,-0.15679919084437244,-0.0739364161928483
2025-03-12,-0.0703092704167142,-0.06558467068527107,-0.16168173102316308,-0.07726909462243825
2025-03-13,-0.08448291161476074,-0.07278240320036322,-0.17134707479322053,-0.08094669006776678
2025-03-14,-0.0697142767670128,-0.05638292125704303,-0.14812011835408379,-0.058631076055094766
2025-03-17,-0.06711011069022443,-0.055139709597686215,-0.15255401604653418,-0.0609263954137127
2025-03-18,-0.0639444749230591,-0.051228450966966155,-0.14738255729889893,-0.0583570690906845
2025-03-19,-0.07063363737450323,-0.05615768998350745,-0.1497918060903437,-0.05778257549723609
2025-03-20,-0.07482615675214455,-0.06264716605225151,-0.15832875298698068,-0.0660474732690488
2025-03-21,-0.09315269166814089,-0.0761913156513584,-0.1765976877409272,-0.08021449327202701
2025-03-24,-0.09956157230087392,-0.07663238840563857,-0.17649225082676734,-0.07547940293266875
2025-03-25,-0.10658024072920946,-0.08005539328041067,-0.1791994086351073,-0.07607936587523567
2025-03-26,-0.10316221258584568,-0.07981599223719382,-0.18133301411504166,-0.07911935825134775
2025-03-27,-0.10403162702420732,-0.07840781723298929,-0.17934612509584869,-0.0760519698779365
2025-03-28,-0.11258888662627331,-0.08483840213014338,-0.18580620197833475,-0.08010392246303077
2025-03-31,-0.11848850887014517,-0.09385063862347554,-0.19518323929515957,-0.08664996810927339
2025-04-01,-0.11384003250011954,-0.08842434388706855,-0.19587986511879452,-0.08656103684874417
2025-04-02,-0.11132439062842248,-0.08745963936017986,-0.1948288626130611,-0.08733599583580842
2025-04-03,-0.12180010410548459,-0.09574833585645992,-0.20983426472462274,-0.09271237807077759
2025-04-07,-0.22186435175422048,-0.18213925591754954,-0.3086130826015969,-0.15663546326795907
2025-04-08,-0.21711094312637647,-0.17597003830045443,-0.2959475689311998,-0.1422282701222778
2025-04-09,-0.1997952235379874,-0.15851189202561256,-0.28904451163178424,-0.1337615207099877
2025-04-10,-0.1810717807995148,-0.14237861921596506,-0.2729108656757051,-0.12240820590474433
2025-04-11,-0.17008556311077883,-0.1366157615112672,-0.2630242038546986,-0.11878949070747036
2025-04-14,-0.15927824840936733,-0.12952792205710906,-0.2605212248601727,-0.11676286828291149
2025-04-15,-0.16274639260678914,-0.13333388197361506,-0.2614827437148829,-0.11627119706551736
2025-04-16,-0.1738852660613176,-0.14039862594072738,-0.2703928133342346,-0.11354907814348747
2025-04-17,-0.17328841783447457,-0.14037599452910765,-0.2697551036382507,-0.1136896529735395
2025-04-18,-0.17440357082264857,-0.1398020569802947,-0.26776825287628336,-0.11361895438359682
2025-04-21,-0.15728051490083372,-0.12716995481637894,-0.2561579117492263,-0.11071544858408044
2025-04-22,-0.15775125188204198,-0.12998093701902458,-0.2622356076603668,-0.11093358275125453
2025-04-23,-0.15275790910612663,-0.1283195934006247,-0.25430450219066614,-0.11024511147092964
2025-04-24,-0.1618334026841366,-0.1328163450582711,-0.25939454956191077,-0.11083837813628372
2025-04-25,-0.15914008949085034,-0.12952128577851374,-0.25506054148588686,-0.11021896074623505
2025-04-28,-0.16798054726957545,-0.13398960508171254,-0.25993053329463234,-0.11148183163717018
2025-04-29,-0.1642537532677366,-0.1329669994108098,-0.26089274077940594,-0.11301894444961091
2025-04-30,-0.15763734403714091,-0.1288028196727885,-0.2547379565583845,-0.11407770811195483
2025-05-06,-0.13600459357522388,-0.11201738166664454,-0.2400549480881965,-0.10515594078912038
2025-05-07,-0.1347909781136114,-0.11047706891940834,-0.2361906622298997,-0.09973205022950371
2025-05-08,-0.12819621505438694,-0.10683956838262787,-0.22358804343863137,-0.09473467728478513
2025-05-09,-0.13895498513733384,-0.11489639732677714,-0.23035371904038782,-0.0963182176192352
2025-05-12,-0.12686782816615105,-0.10376604324217709,-0.21009781875279687,-0.0858736698667667
2025-05-13,-0.12919678065794393,-0.10562327309799302,-0.21103619198592982,-0.08454646772316843
2025-05-14,-0.1278716923687463,-0.10292377728191149,-0.20304762416315658,-0.07351464471127322
2025-05-15,-0.14250076674731293,-0.11589043142060429,-0.21831049740399855,-0.08197582564040728
2025-05-16,-0.1409320493128381,-0.11580496419627151,-0.21976484584078726,-0.08623179147125482
2025-05-19,-0.13707843621149363,-0.1150398894485708,-0.2223239099282589,-0.08903720268352955
2025-05-20,-0.12990367184755303,-0.11092940323736544,-0.21631653079804225,-0.08409718276574663
2025-05-21,-0.13186240260780158,-0.10929655385013692,-0.209839085135067,-0.07981856707092283
2025-05-22,-0.14121708790956133,-0.11774934741713561,-0.2174233888533671,-0.08040962513958216
2025-05-23,-0.1520370448811067,-0.12552046059052924,-0.22663052583064758,-0.08783215473372052
2025-05-26,-0.14650008448943797,-0.12298083875878763,-0.23284365232093385,-0.09304054264562911
2025-05-27,-0.14937768035946752,-0.12565940477314563,-0.2380526031498016,-0.0979064570955891
2025-05-28,-0.1527759735369113,-0.12796548838122201,-0.2404475437388166,-0.09864899200351718
2025-05-29,-0.13789375645704305,-0.11517676076095007,-0.23005489185007466,-0.09337110378285152
2025-05-30,-0.146815192718596,-0.12273156837817278,-0.23746168204090667,-0.09771017393826764
2025-06-03,-0.14066019095519045,-0.11905513191313055,-0.23382234867000473,-0.09494228537409466
2025-06-04,-0.13313779955526395,-0.11222281238866061,-0.2253166196695776,-0.09101140618015158
2025-06-05,-0.12693092626020075,-0.10743329101377963,-0.21625673475419915,-0.08894077629166375
2025-06-06,-0.1289370266014882,-0.1086537629772506,-0.21976863330613616,-0.08977994905284326
2025-06-09,-0.119576494426755,-0.10191283537338824,-0.21140728707568002,-0.08713390923823572
2025-06-10,-0.12768450749113258,-0.10928578730024796,-0.2205967492146652,-0.09178152505105497
2025-06-11,-0.12417067840488472,-0.10387864340976394,-0.21118673416924605,-0.08493017615532283
2025-06-12,-0.12336262074005044,-0.10279804377976198,-0.20916441895901094,-0.08550018206825305
2025-06-13,-0.13556767785196588,-0.11203193816584767,-0.21808956192530704,-0.09208297500418339
2025-06-16,-0.1296993285921092,-0.10776730156722614,-0.21292541030778966,-0.0898243559438342
2025-06-17,-0.13054756404265433,-0.11038098983699574,-0.21574856402459586,-0.09062708685954979
2025-06-18,-0.13140868243364923,-0.11116076030652744,-0.21391784100090394,-0.08954811688701958
2025-06-19,-0.14374820346687578,-0.12184063637487552,-0.22459604482262474,-0.0970384550988298
2025-06-20,-0.15063320077023556,-0.1276135335779609,-0.23107054467921762,-0.09620362904391122
2025-06-23,-0.13950134922610624,-0.12225231768549372,-0.22810935889191464,-0.09355864653623192
2025-06-24,-0.12301633862641914,-0.10807219912226629,-0.21031936634710025,-0.08271946484668269
2025-06-25,-0.11147868861519539,-0.09311108802421819,-0.185736191255217,-0.06955434888901235
2025-06-26,-0.11549539124838915,-0.09687125916533501,-0.19107950146090946,-0.07285472071801391
2025-06-27,-0.11136912699306178,-0.09292927874139789,-0.1872846907245701,-0.07855517927437827
2025-06-30,-0.10015049256436315,-0.08493799271661462,-0.17631668841781234,-0.07519028822703777
2025-07-01,-0.09766074398726277,-0.08195516338363207,-0.17826593232686982,-0.07362009345559428
2025-07-02,-0.10676150794846284,-0.08840882829865127,-0.18752406618607176,-0.07340325155244376
2025-07-03,-0.10206782803024317,-0.08381301200668323,-0.17207981543796125,-0.06767436318756148
2025-07-04,-0.10637744059520426,-0.08554939662150618,-0.1750846909770677,-0.06435305668137858
2025-07-07,-0.1042620334591765,-0.08725558539526168,-0.1850500096542108,-0.06835409406394533
2025-07-08,-0.09285729009074795,-0.07529201482120784,-0.16558044838463248,-0.060535168354512336
2025-07-09,-0.09529685182840353,-0.07904431214925955,-0.16420414468836864,-0.062192109285499675
2025-07-10,-0.093017250908488,-0.07447109633054938,-0.16232846942442347,-0.05781633883181492
2025-07-11,-0.08529711345119428,-0.06766026349831433,-0.15562599475960182,-0.056692609532651095
2025-07-14,-0.08512646404000412,-0.06862250842544404,-0.15946269715813466,-0.056020444274732295
2025-07-15,-0.08788300274103678,-0.06894739216217438,-0.14493218198977587,-0.055692303195590265
2025-07-16,-0.08516073832443172,-0.06918926827433125,-0.14678957029981388,-0.05847948173727835
2025-07-17,-0.07473995430774949,-0.05909258032495923,-0.13181859969142484,-0.05206771407093669
2025-07-18,-0.07241779721311703,-0.056440234572183834,-0.12882481874778506,-0.04641521025770046
2025-07-21,-0.06389738848356863,-0.046896028417751534,-0.12127617076388164,-0.04005760020179994
2025-07-22,-0.0603801192275083,-0.03883680175056681,-0.11593060338186978,-0.03222154612012762
2025-07-23,-0.0646107494575574,-0.04141234302029939,-0.11600137924950271,-0.032031160385895374
2025-07-24,-0.051317253762554804,-0.026431879976976935,-0.10272753743249563,-0.025154365636754217
2025-07-25,-0.05054005852649057,-0.025504904782241655,-0.10475960823529629,-0.030293676162676864
2025-07-28,-0.04723166279064761,-0.021818753671610125,-0.09613497577724628,-0.02825875975265779
2025-07-29,-0.041015955479276056,-0.016758336001251428,-0.07930370930966246,-0.024452337332036778
2025-07-30,-0.048859316138411435,-0.02316959989149303,-0.09418997842024657,-0.024637201574532086
2025-07-31,-0.05697071274429166,-0.03683570851261597,-0.10925203948314022,-0.04241093046722022
2025-08-01,-0.055656114849460425,-0.03886863732480694,-0.11142742185359089,-0.04726575494228724
2025-08-04,-0.04585635934785037,-0.031361459315497386,-0.10695278021571952,-0.04355961220989324
2025-08-05,-0.039091116762364764,-0.02494103767017808,-0.10348946834048145,-0.03586530774374885
2025-08-06,-0.028639158861209157,-0.016565868452808385,-0.09752937514128879,-0.033507466302101
2025-08-07,-0.02852015446843803,-0.01963408766421937,-0.1036864165386292,-0.03323002896410088
2025-08-08,-0.03192065614995898,-0.021806362857729522,-0.10709203651744015,-0.03550890132605544
2025-08-11,-0.01694151971809066,-0.011247161869384903,-0.08954822922031047,-0.031386884535175796
2025-08-12,-0.014156199678668324,-0.007163298118465056,-0.07823105321415602,-0.026378868034044878
2025-08-13,0.0,0.0,-0.044906790669047236,-0.018683459269553282
2025-08-14,-0.012435199304494882,-0.012023728346553075,-0.05517835843829866,-0.01945047670679989
2025-08-15,0.0,0.0,-0.030478231007305512,-0.01262727567107158
2025-08-18,0.0,0.0,-0.0029394939403041276,-0.003919953689016653
2025-08-19,0.0,-0.0019288792854582626,-0.0046452688647048435,-0.007688289564507511
2025-08-20,0.0,0.0,-0.002384152051354227,0.0
2025-08-21,-0.0071341696108909725,-0.0035528023403802456,-0.007046942725451588,0.0
2025-08-22,0.0,0.0,0.0,0.0
2025-08-25,0.0,0.0,0.0,0.0
2025-08-26,-0.00016860736309209923,0.0,-0.0075511657549612865,-0.0037212743328440823
2025-08-27,-0.018886003877113478,-0.014575236679644665,-0.014401822431100553,-0.018592745130544874
2025-08-28,-0.004094545829963381,0.0,0.0,-0.0012171470482209568
2025-08-29,-0.0052223482854685255,0.0,0.0,0.0
2025-09-01,0.0,0.0,0.0,0.0
2025-09-02,-0.02496496436418938,-0.020899124735900276,-0.028464726461611023,-0.00735199469302994
2025-09-03,-0.03923032690874806,-0.03401081548283791,-0.01928104650330531,-0.01412148092304133
2025-09-04,-0.0613231310198199,-0.05792181532107232,-0.06092816783582378,-0.03503817916223706
2025-09-05,-0.03405895867969966,-0.027612804780543176,0.0,-0.014011991172469207
2025-09-08,-0.025344652898010245,-0.01661976233255913,-0.008429031218846972,-0.012409678416466563
2025-09-09,-0.0366771311533729,-0.025501512020286277,-0.030495970327711452,-0.01933207007848059
2025-09-10,-0.03612520232402283,-0.025059321786703448,-0.018224814505941267,-0.017319010491187337
2025-09-11,-0.013499653113110632,0.0,0.0,0.0
2025-09-12,-0.010433589214600691,0.0,-0.01091311112426796,-0.0057247806717385386
2025-09-15,-0.011408546608790537,-0.0014530728688580963,0.0,-0.003293466661257738
2025-09-16,-0.0023356557288701785,0.0,0.0,-0.005430433740113427
2025-09-17,0.0,0.0,0.0,0.0
2025-09-18,-0.010378881011275931,-0.0082854280336625,-0.01636115311652797,-0.011626836427765741
2025-09-19,-0.015437021104097615,-0.01235345233101004,-0.01790140351294156,-0.010789552151241666
2025-09-22,-0.008648010787825622,-0.004808130891594931,-0.012536946215054856,-0.006243651152718854
2025-09-23,-0.019423830836304723,-0.01092578709637948,-0.010419066175577751,-0.00686546739051852
2025-09-24,-0.002725441564565556,0.0,0.0,0.0
2025-09-25,-0.00639328904588965,0.0,0.0,0.0
2025-09-26,-0.02081098637457912,-0.01367769665737939,-0.02603245452203451,-0.00945660568359008
2025-09-29,-0.007542437353673659,0.0,0.0,0.0
2025-09-30,0.0,0.0,0.0,0.0
2025-10-09,0.0,0.0,0.0,0.0
2025-10-10,-0.01493611648027049,-0.019962914972793566,-0.045545066530301215,-0.019672630662990076
2025-10-13,-0.016774035397221332,-0.022832264832070126,-0.056121915910800846,-0.024525733403376382
2025-10-14,-0.035943804934492896,-0.04690360714521025,-0.09376320964172791,-0.036186060377765505
2025-10-15,-0.021522250835026457,-0.03376921628524843,-0.07233831275894276,-0.021911985224701946
2025-10-16,-0.03219313759138398,-0.04204427794769017,-0.06878968257617979,-0.019335502290910078
2025-10-17,-0.060482614639023824,-0.07058709278592945,-0.10008277582283776,-0.04145838119776235
2025-10-20,-0.0534603823250529,-0.06349004028733851,-0.08227521305577068,-0.03636533699459954
2025-10-21,-0.039749401295281483,-0.04812588752731417,-0.054603316796563384,-0.02157572743669045
2025-10-22,-0.04391213433516927,-0.05569602740396351,-0.06208272554418981,-0.02482481088153654
2025-10-23,-0.04444963065956031,-0.05377840276173984,-0.06121100415657266,-0.021899924450289876
2025-10-24,-0.029918349276978673,-0.03846751588100794,-0.02766959693079518,-0.010361755284339136
2025-10-27,-0.019961840480615,-0.022457310663113628,-0.008390218718250186,0.0
2025-10-28,-0.02207507132240727,-0.02753932064424669,-0.009886069810063236,-0.005098707625962318
2025-10-29,-0.010320967601123776,-0.00900207931659014,0.0,0.0
2025-10-30,-0.02130836631438837,-0.02162052900105238,-0.0184248198996273,-0.00798822571402924
2025-10-31,-0.018485451518159723,-0.028867629401843398,-0.04113340568803747,-0.022572422335068065
2025-11-03,-0.014374182561486926,-0.02852344783611893,-0.03832430884928073,-0.019890106608107083
2025-11-04,-0.027761512561832236,-0.04478749060163889,-0.057210071873495916,-0.0271994970005085
2025-11-05,-0.02395238589045745,-0.042334729991800324,-0.04754127618885973,-0.025396992289837828
2025-11-06,-0.012581294717349256,-0.026917695513264395,-0.02997574235291811,-0.011465134718797731
2025-11-07,-0.013882527973821612,-0.02927726401645714,-0.034914599178472505,-0.014542072182836652
2025-11-10,-0.01108763338346952,-0.027172208653987284,-0.04375217510075058,-0.011118134659107493
2025-11-11,-0.014024655662984942,-0.03408621516400234,-0.05714196672215044,-0.020150709445044712
2025-11-12,-0.021139460565665957,-0.0404924406033782,-0.06083868666194603,-0.021468698867514013
2025-11-13,-0.007515115972729469,-0.025650216628264166,-0.036855505746477446,-0.009638913949419292
2025-11-14,-0.018997725734694604,-0.04152392554667339,-0.06400328998418381,-0.025211055019613404
2025-11-17,-0.01634095781484135,-0.04153856339711315,-0.06589952510795372,-0.03154810806721331
2025-11-18,-0.026144120379511526,-0.052710170852725335,-0.07672409288616122,-0.037837223504139206
2025-11-19,-0.03410592524321521,-0.05645522183523244,-0.07443017662246754,-0.033603843838136305
2025-11-20,-0.04022468570200555,-0.0645089274064089,-0.08480977470160145,-0.03852058720287377
2025-11-21,-0.07588197324435131,-0.0969028745903423,-0.12158860198925392,-0.061971409385552345
2025-11-24,-0.0642835300694794,-0.09007327747670901,-0.11889174027402638,-0.0631424266431343
2025-11-25,-0.05205314822441787,-0.0787290096205252,-0.10328212381462365,-0.05422112356070807
2025-11-26,-0.052249041236289706,-0.07734577911820162,-0.08410167966736048,-0.04848781902364063
2025-11-27,-0.05107160420438028,-0.0791686750106565,-0.08813230737214495,-0.04895599002981954
2025-11-28,-0.04103562419414941,-0.06853588616738493,-0.08172744504938567,-0.04658461584344775
2025-12-01,-0.03417487090144511,-0.059225709904616064,-0.06972138525516847,-0.03609057579852459
2025-12-02,-0.04378556616303475,-0.06737674062256249,-0.07614378525603482,-0.040756046889386166
2025-12-03,-0.052271909803754846,-0.07319818062513983,-0.08648057696133282,-0.045660616291483325
2025-12-04,-0.05222179246865255,-0.07101894249121066,-0.07724613210720799,-0.0423922232558156
2025-12-05,-0.0399526425832627,-0.05975471254666198,-0.06466797700897642,-0.03439481441425829
2025-12-08,-0.02942005247532109,-0.04988201892545563,-0.040310338088230036,-0.026555940895874763
2025-12-09,-0.03497214578409724,-0.056643447370887,-0.03449423637595406,-0.031512154859207664
2025-12-10,-0.031355460265354185,-0.05205089796522755,-0.034674396160144894,-0.03285927333069383
2025-12-11,-0.04394021991716768,-0.06173455798844718,-0.04831034699243708,-0.04120886353784037
2025-12-12,-0.036232845844948014,-0.05022327292109208,-0.039080053424039085,-0.035150274088975864
2025-12-15,-0.044321715739313094,-0.05761889782788332,-0.05609349634008509,-0.04123523343615498
2025-12-16,-0.060987069871371036,-0.07254065633154061,-0.07595932377721393,-0.052715217019418836
2025-12-17,-0.04698109870404521,-0.05445660550288334,-0.04463029235911031,-0.03537669294431256
2025-12-18,-0.04911706736105881,-0.059357702250119715,-0.06533964300687489,-0.04108084737014406
2025-12-19,-0.041611457076463854,-0.050255052290508306,-0.060775214104817565,-0.037840319650346954
2025-12-22,-0.031341770505413535,-0.038848179473982114,-0.039794104650844875,-0.028689754313005467
2025-12-23,-0.03342444454779692,-0.03869905885642544,-0.03587568198780888,-0.026770859779582268
2025-12-24,-0.018523788076083125,-0.02608094034505004,-0.028485671431209503,-0.02396442439545854
2025-12-25,-0.00897917499858103,-0.018308665663097412,-0.025547944898480446,-0.022178959020040634
2025-12-26,-0.005559899217739361,-0.011933358543111838,-0.02418442802788079,-0.01908190713676028
2025-12-29,-0.007046866036729327,-0.015672156977738716,-0.030581288596992606,-0.022845283383522652
2025-12-30,-0.006636107862389995,-0.01192045603964731,-0.02447655219957534,-0.020336836275240966
2025-12-31,-0.006899508257808384,-0.011041098765537716,-0.03642891601536857,-0.024831998262451083
2026-01-05,0.0,0.0,-0.008940305203128163,-0.006338064034116742
2026-01-06,0.0,0.0,-0.0014980425935752217,0.0
2026-01-07,0.0,0.0,0.0,-0.0029281771254092703
2026-01-08,0.0,0.0,-0.008224753239983729,-0.011071507012199389
2026-01-09,0.0,0.0,-0.0005645866528338761,-0.006631962159635463
2026-01-12,0.0,0.0,0.0,-0.00016246081099979826
2026-01-13,-0.01841304331463889,-0.012831357013211475,-0.019611988841617967,-0.0061914622888233906
2026-01-14,-0.011946747896350196,-0.0025979111124176946,-0.011569999439548728,-0.01017873444552031
2026-01-15,-0.01390875328184038,-0.0031347800115831825,-0.006027758660751004,-0.008195994492488756
2026-01-16,-0.0148715138057679,-0.001994574577735553,-0.008064124130138461,-0.012278179832741487
2026-01-19,-0.010932677159310233,0.0,-0.014972697403186297,-0.011739051241387966
2026-01-20,-0.02085177418762918,-0.004843431069238346,-0.03257101624993031,-0.014990647074960228
2026-01-21,-0.013082536797517919,0.0,-0.027393378711887073,-0.014115825979109764
2026-01-22,-0.005703606434295905,0.0,-0.017617354712883504,-0.013982254511862191
2026-01-23,0.0,0.0,-0.011462040992513023,-0.018410110034584037
2026-01-26,-0.012432119597337032,-0.009717239570425584,-0.020420555701497256,-0.01747759374644231
2026-01-27,-0.010458408622864956,-0.004800116840583901,-0.013499705032613885,-0.017743150271887664
2026-01-28,-0.008375887841159946,0.0,-0.01911814830191072,-0.015175755962528847
2026-01-29,-0.01635477394558904,-0.009687234905078723,-0.02474084143899702,-0.007686590197019005
2026-01-30,-0.02548577847437672,-0.026815450708045918,-0.01239116833794196,-0.01760782540516359
2026-02-02,-0.05847367264253711,-0.06558632921840202,-0.036663904547733384,-0.03855681613381334
2026-02-03,-0.030887818847737947,-0.03656061962959323,-0.018725507738935554,-0.027258348258450638
2026-02-04,-0.03112164719230437,-0.03512396530869699,-0.022673605402195873,-0.019206111649214486
2026-02-05,-0.047536215178648256,-0.05290645299141128,-0.03779501866503576,-0.025105966906087684
2026-02-06,-0.04948439120540982,-0.052870934544629766,-0.044823237521539716,-0.030704926288547152
2026-02-09,-0.027974579989067827,-0.03370258798913317,-0.016400712006322204,-0.01495355432651524
2026-02-10,-0.0260241255319279,-0.03426508159755681,-0.02001088615439417,-0.013859829655570866
2026-02-11,-0.027297579227930302,-0.03201353760893111,-0.03057706091952328,-0.01604679889998395
2026-02-12,-0.018405892526226486,-0.020647774154857412,-0.017789917052910442,-0.014844572199542272
2026-02-13,-0.03139209569766466,-0.035062624776710516,-0.03316735533708293,-0.02719610257704219
2026-02-24,-0.02018397723231813,-0.024212372920113023,-0.023632776951857393,-0.01735652568736501
2026-02-25,-0.005243034265774993,-0.008557573902435722,-0.009893249518857505,-0.011440514106745847
2026-02-26,0.0,-0.005109587255418546,-0.012796351913489712,-0.01332164038536554
2026-02-27,0.0,0.0,-0.02303068283540677,-0.01670883244510435
2026-03-02,-0.009797901568879386,-1.3478162483759881e-05,-0.02779519780876827,-0.012946976490127549
2026-03-03,-0.048872463300432156,-0.04352238413841791,-0.05278654534356597,-0.028137385862565423
2026-03-04,-0.05447185325772763,-0.04729544962566812,-0.06609999401772093,-0.03925717398177264
2026-03-05,-0.04552400813130186,-0.040339666787716055,-0.0505856450621982,-0.02984989355821488
2026-03-06,-0.036443419072978434,-0.03443059550737404,-0.04693719259105211,-0.02718913072674356
2026-03-09,-0.04169853219950881,-0.0437687099734233,-0.05305219159336616,-0.036578981524554965
2026-03-10,-0.02461833403725555,-0.028659551236322356,-0.024259455372950045,-0.024200586562222015
2026-03-11,-0.023048792401094476,-0.029464937853832973,-0.011454574210911117,-0.017992780085423155
2026-03-12,-0.0262749231725804,-0.03453022072552636,-0.020900554657918624,-0.02152792566287587
2026-03-13,-0.04048090682841954,-0.04835187423781828,-0.023038651337511595,-0.025372901102550083
2026-03-16,-0.04082443606928321,-0.05466316530107018,-0.009243108286011492,-0.024867942927180975
2026-03-17,-0.06319312023851675,-0.07419619882786643,-0.03195717597111769,-0.031990063735653496
2026-03-18,-0.05422929537794485,-0.06491031079776488,-0.012388246553836857,-0.027628858266833922
2026-03-19,-0.07611504815185677,-0.09024251141107786,-0.023385310692044636,-0.0433011811358095
2026-03-20,-0.09080983879240034,-0.10376150106214732,-0.010694939856549901,-0.046689667371352384
2026-03-23,-0.1345354026045542,-0.140637776716233,-0.04519026082589639,-0.07779597602334765
2026-03-24,-0.11213689660690329,-0.12254815391156082,-0.04037238640140295,-0.06595524848613787
2026-03-25,-0.09457741155009813,-0.1028804080563932,-0.021063200639770407,-0.05285835634078717
2026-03-26,-0.10763742165447654,-0.1173789840891043,-0.0341915734742968,-0.06536829801144872
2026-03-27,-0.09514602375679504,-0.10635112151651438,-0.02728778130251197,-0.060142436988980585
2026-03-30,-0.09262092205332162,-0.10449062691969258,-0.03393566650484703,-0.062359193150687275
2026-03-31,-0.10991826003870442,-0.1202436999609503,-0.060025929505849285,-0.07110546284548602
2026-04-01,-0.09306218699272306,-0.10490998602833124,-0.04155951613720554,-0.055237719430116905
2026-04-02,-0.10950165388496258,-0.12163344057076819,-0.06365691029830634,-0.06508028127366439
2026-04-03,-0.11964281602958438,-0.12975905168618918,-0.07046059447327724,-0.07303846052527929
2026-04-07,-0.11153418729203934,-0.12558132949033618,-0.06714938671899195,-0.07307450958355965
2026-04-08,-0.07067935702082062,-0.08238167053981948,-0.01202083958086031,-0.04073268051487666
2026-04-09,-0.07468852980873975,-0.08775443337706756,-0.019195767415006504,-0.04685544711707523
2026-04-10,-0.065719144748275,-0.07958533872972628,0.0,-0.03217243815499127
2026-04-13,-0.06252548741313846,-0.07977793670537092,0.0,-0.030170828283786366
2026-04-14,-0.04860281696780977,-0.06581796744851676,0.0,-0.0186632883946789
2026-04-15,-0.05311143821543851,-0.07095646203570638,-0.012242957922509179,-0.022010882849578084
2026-04-16,-0.03829761724525449,-0.055248778179162183,0.0,-0.011289826120801205
2026-04-17,-0.029600728703911616,-0.05130899694602398,0.0,-0.012946392023635567
2026-04-20,-0.02371605143152211,-0.04255125192553233,-0.00019509047320698247,-0.006940936195922176
